<?xml version="1.0" encoding="UTF-8"?>
<root>
  <item name="android.support.v4.content.res.FontResourcesParserCompat.FetchStrategy">
    <annotation name="android.support.annotation.IntDef">
      <val name="value" val="{androidx.core.content.res.FontResourcesParserCompat.FETCH_STRATEGY_BLOCKING, androidx.core.content.res.FontResourcesParserCompat.FETCH_STRATEGY_ASYNC}" />
    </annotation>
  </item>
  <item name="androidx.core.content.res.FontResourcesParserCompat.ProviderResourceEntry ProviderResourceEntry(androidx.core.provider.FontRequest, int, int) 1">
    <annotation name="android.support.annotation.IntDef">
      <val name="value" val="{androidx.core.content.res.FontResourcesParserCompat.FETCH_STRATEGY_BLOCKING, androidx.core.content.res.FontResourcesParserCompat.FETCH_STRATEGY_ASYNC}" />
    </annotation>
  </item>
  <item name="androidx.core.content.res.FontResourcesParserCompat.ProviderResourceEntry int getFetchStrategy()">
    <annotation name="android.support.annotation.IntDef">
      <val name="value" val="{androidx.core.content.res.FontResourcesParserCompat.FETCH_STRATEGY_BLOCKING, androidx.core.content.res.FontResourcesParserCompat.FETCH_STRATEGY_ASYNC}" />
    </annotation>
  </item>
  <item name="androidx.core.content.res.FontResourcesParserCompat.ProviderResourceEntry mStrategy">
    <annotation name="android.support.annotation.IntDef">
      <val name="value" val="{androidx.core.content.res.FontResourcesParserCompat.FETCH_STRATEGY_BLOCKING, androidx.core.content.res.FontResourcesParserCompat.FETCH_STRATEGY_ASYNC}" />
    </annotation>
  </item>
  <item name="androidx.core.content.res.GradientColorInflaterCompat android.graphics.Shader.TileMode parseTileMode(int) 0">
    <annotation name="android.support.annotation.IntDef">
      <val name="value" val="{androidx.core.content.res.GradientColorInflaterCompat.TILE_MODE_CLAMP, androidx.core.content.res.GradientColorInflaterCompat.TILE_MODE_REPEAT, androidx.core.content.res.GradientColorInflaterCompat.TILE_MODE_MIRROR}" />
    </annotation>
  </item>
  <item name="androidx.core.content.res.ResourcesCompat.FontCallback void callbackFailAsync(int, android.os.Handler) 0">
    <annotation name="android.support.annotation.IntDef">
      <val name="value" val="{androidx.core.provider.FontsContractCompat.FontRequestCallback.FAIL_REASON_PROVIDER_NOT_FOUND, androidx.core.provider.FontsContractCompat.FontRequestCallback.FAIL_REASON_FONT_LOAD_ERROR, androidx.core.provider.FontsContractCompat.FontRequestCallback.FAIL_REASON_FONT_NOT_FOUND, androidx.core.provider.FontsContractCompat.FontRequestCallback.FAIL_REASON_FONT_UNAVAILABLE, androidx.core.provider.FontsContractCompat.FontRequestCallback.FAIL_REASON_MALFORMED_QUERY, androidx.core.provider.FontsContractCompat.FontRequestCallback.FAIL_REASON_WRONG_CERTIFICATES, androidx.core.provider.FontsContractCompat.FontRequestCallback.FAIL_REASON_SECURITY_VIOLATION, androidx.core.provider.FontsContractCompat.FontRequestCallback.RESULT_OK}" />
    </annotation>
  </item>
  <item name="androidx.core.content.res.ResourcesCompat.FontCallback void onFontRetrievalFailed(int) 0">
    <annotation name="android.support.annotation.IntDef">
      <val name="value" val="{androidx.core.provider.FontsContractCompat.FontRequestCallback.FAIL_REASON_PROVIDER_NOT_FOUND, androidx.core.provider.FontsContractCompat.FontRequestCallback.FAIL_REASON_FONT_LOAD_ERROR, androidx.core.provider.FontsContractCompat.FontRequestCallback.FAIL_REASON_FONT_NOT_FOUND, androidx.core.provider.FontsContractCompat.FontRequestCallback.FAIL_REASON_FONT_UNAVAILABLE, androidx.core.provider.FontsContractCompat.FontRequestCallback.FAIL_REASON_MALFORMED_QUERY, androidx.core.provider.FontsContractCompat.FontRequestCallback.FAIL_REASON_WRONG_CERTIFICATES, androidx.core.provider.FontsContractCompat.FontRequestCallback.FAIL_REASON_SECURITY_VIOLATION, androidx.core.provider.FontsContractCompat.FontRequestCallback.RESULT_OK}" />
    </annotation>
  </item>
</root>

