<?xml version="1.0" encoding="UTF-8"?>
<root>
  <item name="androidx.core.content.PermissionChecker int checkCallingOrSelfPermission(android.content.Context, java.lang.String)">
    <annotation name="android.support.annotation.IntDef">
      <val name="value" val="{androidx.core.content.PermissionChecker.PERMISSION_GRANTED, androidx.core.content.PermissionChecker.PERMISSION_DENIED, androidx.core.content.PermissionChecker.PERMISSION_DENIED_APP_OP}" />
    </annotation>
  </item>
  <item name="androidx.core.content.PermissionChecker int checkCallingPermission(android.content.Context, java.lang.String, java.lang.String)">
    <annotation name="android.support.annotation.IntDef">
      <val name="value" val="{androidx.core.content.PermissionChecker.PERMISSION_GRANTED, androidx.core.content.PermissionChecker.PERMISSION_DENIED, androidx.core.content.PermissionChecker.PERMISSION_DENIED_APP_OP}" />
    </annotation>
  </item>
  <item name="androidx.core.content.PermissionChecker int checkPermission(android.content.Context, java.lang.String, int, int, java.lang.String)">
    <annotation name="android.support.annotation.IntDef">
      <val name="value" val="{androidx.core.content.PermissionChecker.PERMISSION_GRANTED, androidx.core.content.PermissionChecker.PERMISSION_DENIED, androidx.core.content.PermissionChecker.PERMISSION_DENIED_APP_OP}" />
    </annotation>
  </item>
  <item name="androidx.core.content.PermissionChecker int checkSelfPermission(android.content.Context, java.lang.String)">
    <annotation name="android.support.annotation.IntDef">
      <val name="value" val="{androidx.core.content.PermissionChecker.PERMISSION_GRANTED, androidx.core.content.PermissionChecker.PERMISSION_DENIED, androidx.core.content.PermissionChecker.PERMISSION_DENIED_APP_OP}" />
    </annotation>
  </item>
  <item name="android.support.v4.content.PermissionChecker.PermissionResult">
    <annotation name="android.support.annotation.IntDef">
      <val name="value" val="{androidx.core.content.PermissionChecker.PERMISSION_GRANTED, androidx.core.content.PermissionChecker.PERMISSION_DENIED, androidx.core.content.PermissionChecker.PERMISSION_DENIED_APP_OP}" />
    </annotation>
  </item>
</root>

