<?xml version="1.0" encoding="UTF-8"?>
<root>
  <item name="androidx.core.text.HtmlCompat android.text.Spanned fromHtml(java.lang.String, int) 1">
    <annotation name="android.support.annotation.IntDef">
      <val name="value" val="{androidx.core.text.HtmlCompat.FROM_HTML_SEPARATOR_LINE_BREAK_PARAGRAPH, androidx.core.text.HtmlCompat.FROM_HTML_SEPARATOR_LINE_BREAK_HEADING, androidx.core.text.HtmlCompat.FROM_HTML_SEPARATOR_LINE_BREAK_LIST_ITEM, androidx.core.text.HtmlCompat.FROM_HTML_SEPARATOR_LINE_BREAK_LIST, androidx.core.text.HtmlCompat.FROM_HTML_SEPARATOR_LINE_BREAK_DIV, androidx.core.text.HtmlCompat.FROM_HTML_SEPARATOR_LINE_BREAK_BLOCKQUOTE, androidx.core.text.HtmlCompat.FROM_HTML_OPTION_USE_CSS_COLORS, androidx.core.text.HtmlCompat.FROM_HTML_MODE_COMPACT, androidx.core.text.HtmlCompat.FROM_HTML_MODE_LEGACY}" />
      <val name="flag" val="true" />
    </annotation>
  </item>
  <item name="androidx.core.text.HtmlCompat android.text.Spanned fromHtml(java.lang.String, int, android.text.Html.ImageGetter, android.text.Html.TagHandler) 1">
    <annotation name="android.support.annotation.IntDef">
      <val name="value" val="{androidx.core.text.HtmlCompat.FROM_HTML_SEPARATOR_LINE_BREAK_PARAGRAPH, androidx.core.text.HtmlCompat.FROM_HTML_SEPARATOR_LINE_BREAK_HEADING, androidx.core.text.HtmlCompat.FROM_HTML_SEPARATOR_LINE_BREAK_LIST_ITEM, androidx.core.text.HtmlCompat.FROM_HTML_SEPARATOR_LINE_BREAK_LIST, androidx.core.text.HtmlCompat.FROM_HTML_SEPARATOR_LINE_BREAK_DIV, androidx.core.text.HtmlCompat.FROM_HTML_SEPARATOR_LINE_BREAK_BLOCKQUOTE, androidx.core.text.HtmlCompat.FROM_HTML_OPTION_USE_CSS_COLORS, androidx.core.text.HtmlCompat.FROM_HTML_MODE_COMPACT, androidx.core.text.HtmlCompat.FROM_HTML_MODE_LEGACY}" />
      <val name="flag" val="true" />
    </annotation>
  </item>
  <item name="androidx.core.text.HtmlCompat java.lang.String toHtml(android.text.Spanned, int) 1">
    <annotation name="android.support.annotation.IntDef">
      <val name="value" val="{androidx.core.text.HtmlCompat.TO_HTML_PARAGRAPH_LINES_CONSECUTIVE, androidx.core.text.HtmlCompat.TO_HTML_PARAGRAPH_LINES_INDIVIDUAL}" />
    </annotation>
  </item>
</root>

